source_id,batch_id,date_accessed,source_title,source_url_or_citation,domain,source_tier,source_type,publication_date,geography,topic,claim_supported,evidence_note,confidence,limitations,access_level,count_toward_300,used_in_idea_ids,notes
CN-001,BATCH_01_CHINA_POLICY,2026-06-24,"CPC plenum concludes, adopting recommendations for China's 15th Five-Year Plan",https://english.www.gov.cn/news/202510/23/content_WS68f9f337c6d00ca5f9a06fb2.html,english.www.gov.cn,Tier 1,Government communique,2025-10-23,China,15FYP,"Fourth Plenum adopted 15FYP Recommendations Oct 23 2025; principles emphasize S&T self-reliance and new quality productive forces","Official communique naming objectives incl modernized industrial system and national-security shield",high,"Party document; aspirational framing",public,yes,,"Primary"
CN-002,BATCH_01_CHINA_POLICY,2026-06-24,"Full text: Recommendations of the CPC Central Committee for Formulating the 15th Five-Year Plan",https://english.www.gov.cn/news/202510/28/content_WS6900adb9c6d00ca5f9a07216.html,english.www.gov.cn,Tier 1,Government full text,2025-10-28,China,15FYP,"Official English full text of 15FYP Recommendations adopted Oct 23 2025","Primary text underpinning March 2026 Outline",high,"English translation glosses nuance per CSET",public,yes,,
CN-003,BATCH_01_CHINA_POLICY,2026-06-24,"Proposal of the Central Committee of the CPC on Drawing Up the 15th Five-Year Plan (annotated translation)",https://cset.georgetown.edu/publication/china-fourth-plenum-proposal-2026/,cset.georgetown.edu,Tier 2,Translation/analysis,2025-10,US/China,15FYP,"Independent annotated translation; theme Chinese-style modernization; flags official English glosses nuance","Higher-fidelity translation than Xinhua English",high,"Analyst translation",public,yes,,
CN-004,BATCH_01_CHINA_POLICY,2026-06-24,"China's 15th Five-Year Plan: S&T and Economic Priorities",https://www.congress.gov/crs-product/IF13204,congress.gov,Tier 2,Government research,2026,US,15FYP,"NPC approved 15FYP March 12 2026 plus Long-Term Goals to 2035","Authoritative US legislative-research summary",high,"Secondary interpretation",public,yes,,
CN-005,BATCH_01_CHINA_POLICY,2026-06-24,"Deciphering the 15th Five Year Plan",https://merics.org/en/comment/deciphering-15th-five-year-plan,merics.org,Tier 2,Think-tank,2026-03-19,Germany/China,15FYP,"Plan ~80000 Chinese characters; of 21 main Key Indicators only ~1/3 mandatory","Verbatim per MERICS fellow Bert Hofman",high,"Single-analyst read",public,yes,,
CN-006,BATCH_01_CHINA_POLICY,2026-06-24,"Statistical Communique of the PRC on the 2025 National Economic and Social Development",https://www.stats.gov.cn/english/PressRelease/202602/t20260228_1962661.html,stats.gov.cn,Tier 1,Official statistics,2026-02-28,China,Macro/14FYP outcomes,"2025 GDP 140187.9 bn yuan +5.0pct; R&D 3926.2 bn yuan = 2.80pct of GDP; population -3.39 million","Primary national statistics",high,"Official data; subject to revision",public,yes,,
CN-007,BATCH_01_CHINA_POLICY,2026-06-24,"National Economy Pushed Forward with Innovation-led and High-quality Development in 2025",https://www.stats.gov.cn/english/PressRelease/202601/t20260119_1962328.html,stats.gov.cn,Tier 1,Official statistics,2026-01-19,China,Advanced manufacturing,"2025 output: 3D printers +52.5pct, industrial robots +28.0pct, NEVs +25.1pct","Product-level industrial data",high,"Above-designated-size coverage",public,yes,,
CN-008,BATCH_01_CHINA_POLICY,2026-06-24,"New quality productive forces",https://en.ndrc.gov.cn/news/mediarusources/202405/t20240507_1370423.html,en.ndrc.gov.cn,Tier 1,Regulator explainer,2024-05,China,NQPF,"NQPF (Xi Heilongjiang Sept 2023) defined via tech breakthroughs and factor reallocation","Official definitional source",high,"Conceptual framing",public,yes,,
CN-009,BATCH_01_CHINA_POLICY,2026-06-24,"Translation: State Council's June 2025 Report on the Development of New Quality Productive Forces",https://newsletter.npcobserver.com/p/translation-state-councils-june-2025,newsletter.npcobserver.com,Tier 2,Translation,2025-06,US/China,NQPF,"National carbon market cumulative 640 mn tons allowances, value 44.05 bn yuan as of April 2025","Translation of State Council report to NPC",medium,"Chinese-language primary; translation",public,yes,,
CN-010,BATCH_01_CHINA_POLICY,2026-06-24,"China Piles $47.5 Billion Into Big Fund III to Boost Chip Development",https://www.caixinglobal.com/2024-05-28/china-piles-475-billion-into-big-fund-iii-to-boost-chip-development-102200633.html,caixinglobal.com,Tier 3,Journalism,2024-05-28,China,Semiconductors,"Big Fund III registered capital 344 bn yuan; 19 state investors led by MoF","Corroborates official registration",high,"Paywalled",public,yes,,
CN-011,BATCH_01_CHINA_POLICY,2026-06-24,"Six banks to invest in big way in IC fund",https://english.www.gov.cn/news/202405/29/content_WS66569746c6d0868f4e8e7987.html,english.www.gov.cn,Tier 1,Government/state media,2024-05-29,China,Semiconductors,"Six state banks plan 114 bn yuan (~1/3 of Big Fund III)","Official confirmation of bank commitments",high,"State-media framing",public,yes,,
CN-012,BATCH_01_CHINA_POLICY,2026-06-24,"China's $50 Billion Chip Fund Switches Tack to Fight US Curbs",https://www.bloomberg.com/news/articles/2025-06-27/china-s-50-billion-chip-fund-switches-tack,bloomberg.com,Tier 3,Journalism,2025-06-27,China,Semiconductors,"Big Fund III to prioritize lithography and EDA bottlenecks","Sourced to people familiar",medium,"Anonymous sourcing; paywalled",public,yes,,
CN-013,BATCH_01_CHINA_POLICY,2026-06-24,"SMIC Announcement of 2025 Annual Results",https://www.hkexnews.hk/listedco/listconews/sehk/2026/0326/2026032601294.pdf,hkexnews.hk,Tier 1,Public filing,2026-03-26,China/HK,Semiconductors,"FY2025 revenue US$9327 mn (+16.2pct); monthly capacity >1 mn 8-inch-equiv wafers; utilization 93.5pct; R&D US$774 mn","Audited company filing on HKEX (company/audited claim)",high,"Issuer self-report (audited)",public,yes,,
CN-014,BATCH_01_CHINA_POLICY,2026-06-24,"China issues guideline to accelerate AI Plus integration across key sectors",https://english.www.gov.cn/policies/latestreleases/202508/27/content_WS68ae7976c6d0868f4e8f51a0.html,english.www.gov.cn,Tier 1,Government policy,2025-08-27,China,AI policy,"AI Plus: by 2027 intelligent-terminal/AI-agent penetration >70pct; by 2030 >90pct","Official targets (Guo Fa [2025] No.11)",high,"Aspirational targets",public,yes,,
CN-015,BATCH_01_CHINA_POLICY,2026-06-24,"Initiative on AI hailed as growth catalyst",https://english.www.gov.cn/policies/policywatch/202508/27/content_WS68ae79f0c6d0868f4e8f51a2.html,english.www.gov.cn,Tier 1,Government policy watch,2025-08-27,China,AI policy,"AI Plus spans six sectors; AI framed as engine for new quality productive forces","Official commentary on directive",high,"Includes expert opinion",public,yes,,
CN-016,BATCH_01_CHINA_POLICY,2026-06-24,"China unveils guidelines to regulate, boost innovative development of AI agents",https://english.www.gov.cn/news/202605/08/content_WS69fde8e2c6d00ca5f9a0ad49.html,english.www.gov.cn,Tier 1,Government policy,2026-05-08,China,AI policy,"CAC, NDRC, MIIT jointly issued AI-agent implementation guidelines","Current 2026 implementation step",high,"Recent; details emerging",public,yes,,
CN-017,BATCH_01_CHINA_POLICY,2026-06-24,"The AI Plus initiative - China's blueprint for AI diffusion",https://triviumchina.com/research/the-ai-plus-initiative-chinas-blueprint-for-ai-diffusion/,triviumchina.com,Tier 2,Analysis,2025-09-04,China,AI policy,"AI Plus directive omits AGI; framed around demographic/economic challenge","Specialist policy reading",medium,"Interpretive",public,yes,,
CN-018,BATCH_01_CHINA_POLICY,2026-06-24,"Humanoid Robots",https://www.uscc.gov/sites/default/files/2024-10/Humanoid_Robots.pdf,uscc.gov,Tier 2,Government commission report,2024-10,US/China,Robotics,"MIIT 2023 Guiding Opinion: world-class humanoid ecosystem by 2025; integrate into mfg supply chains by 2027","Detailed translation/analysis of MIIT goals",high,"US-commission framing",public,yes,,
CN-019,BATCH_01_CHINA_POLICY,2026-06-24,"China aims to build advanced humanoid robots by 2025",https://news.cgtn.com/news/2023-11-03/China-aims-to-build-advanced-humanoid-robots-by-2025-1oqrPxDmOCA/index.html,news.cgtn.com,Tier 3,State media,2023-11-03,China,Robotics,"MIIT guidance: preliminary humanoid innovation system by 2025; cultivate 2-3 global firms","Corroborates policy targets",medium,"State media",public,yes,,
CN-020,BATCH_01_CHINA_POLICY,2026-06-24,"Humanoid robots + China's charm offensive towards foreign firms + 5G",https://merics.org/en/merics-briefs/humanoid-robots-chinas-charm-offensive-towards-foreign-firms-5g,merics.org,Tier 2,Think-tank,2023,Germany/China,Robotics,"2025 interim targets: perception/control breakthroughs; mass production at international level; 2-3 global firms","Analytical summary of MIIT plan",high,"",public,yes,,
CN-021,BATCH_01_CHINA_POLICY,2026-06-24,"China Low-Altitude Economy Infrastructure: October 2025 Smart Cities Action Plan Analysis",https://businessaviation.aero/evtol-news-and-electric-aircraft-news/low-altitude-economy/china-low-altitude-economy-infrastructure-october-2025-smart-cities-action-plan-analysis,businessaviation.aero,Tier 3,Trade journalism,2025,China,Low-altitude economy,"NDRC Oct 2025 smart-cities action plan; Shenzhen 780000 cargo-drone sorties since 2023; SAMR drone reliability standards effective 2024-06-01","Trade-press synthesis of NDRC plan",medium,"Some figures early/unvalidated",public,yes,,
CN-022,BATCH_01_CHINA_POLICY,2026-06-24,"China's Low-Altitude Economy: A Rapidly Developing Sector to Watch",https://apcoworldwide.com/blog/chinas-low-altitude-economy-a-rapidly-developing-sector-to-watch/,apcoworldwide.com,Tier 2,Advisory analysis,2024,China,Low-altitude economy,"NDRC created Low-Altitude Economy Development Division Dec 2024; >50000 enterprises","Policy-structure detail",medium,"Advisory firm",public,yes,,
CN-023,BATCH_01_CHINA_POLICY,2026-06-24,"Media Perspective: City Fly is Coming",https://english.cnipa.gov.cn/art/2025/5/7/art_2975_199517.html,english.cnipa.gov.cn,Tier 1,Regulator media,2025-05-07,China,Low-altitude economy,"CAAC forecasts low-altitude economy 1.5 trn yuan by 2025, >3.5 trn by 2035","Official outlet; figure is a forecast",medium,"Forecast not realized data",public,yes,,
CN-024,BATCH_01_CHINA_POLICY,2026-06-24,"The Low-Altitude Economy's Great Leap Upward",https://jamestown.org/the-low-altitude-economys-great-leap-upward/,jamestown.org,Tier 2,Think-tank,2025,US/China,Low-altitude economy,"eVTOL endurance 15-30 min; ~70pct supply chain shared with NEVs; spatial breakout for overcapacity","Counterweight to official optimism",medium,"Analytical/critical",public,yes,,
CN-025,BATCH_01_CHINA_POLICY,2026-06-24,"China's newly installed wind, solar power capacity up 22 pct in 2025",https://english.www.gov.cn/archive/statistics/202602/12/content_WS698d93cbc6d00ca5f9a091bb.html,english.www.gov.cn,Tier 1,Government/NEA,2026-02-12,China,Energy,">430 mn kW new wind+solar in 2025; wind+solar = 22pct of 2025 output","NEA-sourced official figures",high,"",public,yes,,
CN-026,BATCH_01_CHINA_POLICY,2026-06-24,"Renewables account for over 60 pct of China's power capacity in 2025",https://english.www.gov.cn/archive/statistics/202601/30/content_WS697cb463c6d00ca5f9a08da7.html,english.www.gov.cn,Tier 1,Government/NEA,2026-01-30,China,Energy,"Renewable capacity >1800 GW; renewable generation ~4 trn kWh exceeding EU-27 consumption","NEA year-end data",high,"",public,yes,,
CN-027,BATCH_01_CHINA_POLICY,2026-06-24,"China's 2025 power consumption tops 10 trillion kWh for first time: NEA",https://www.spglobal.com/energy/en/news-research/latest-news/energy-transition/011926-chinas-2025-power-consumption-tops-10-trillion-kwh-for-first-time-nea,spglobal.com,Tier 3,Market journalism,2026-01,China,Energy/grid,"Power consumption 10368.2 TWh (+5pct); four new UHV lines in 2025, 46 total; cross-provincial capacity 370 GW","NEA data via S&P",high,"",public,yes,,
CN-028,BATCH_01_CHINA_POLICY,2026-06-24,"China Energy Storage Alliance 2025 Industry News",http://en.cnesa.org/latest-news/tag/2025,en.cnesa.org,Tier 2,Industry association,2025,China,Energy/storage,"As of Sept 2025 renewable capacity ~2200 GW = 59.1pct of total","Industry-association compilation of NEA data",medium,"Association methodology",public,yes,,
CN-029,BATCH_01_CHINA_POLICY,2026-06-24,"China's solar capacity installations grew rapidly in 2024",https://www.eia.gov/todayinenergy/detail.php?id=65064,eia.gov,Tier 1,Government statistics (US),2025,US/China,Energy,"China utility-scale solar >880 GW in 2024; 277 GW added 2024 (>2x US total)","Independent official cross-check",high,"2024 baseline",public,yes,,
CN-030,BATCH_01_CHINA_POLICY,2026-06-24,"Nuclear Power in China",https://world-nuclear.org/information-library/country-profiles/countries-a-f/china-nuclear-power,world-nuclear.org,Tier 2,Industry body,2025-2026,China,Nuclear,"State Council approved 10 reactors April 2025; 58 operable (60 GWe); 33 under construction (35 GWe)","Authoritative running tally (verbatim)",high,"Industry-maintained",public,yes,,
CN-031,BATCH_01_CHINA_POLICY,2026-06-24,"China approves 10 new reactors, boosting nuclear power for climate goals",https://english.news.cn/20250501/ab4eacdc204746b3bef93bb96aa2e4e1/c.html,english.news.cn,Tier 1,State media,2025-05-01,China,Nuclear,"10 reactors approved, combined investment >RMB 200 bn; 2024 nuclear output 450 bn kWh; 4th consecutive year >=10","Official confirmation",high,"State media",public,yes,,
CN-032,BATCH_01_CHINA_POLICY,2026-06-24,"China's State Grid outlays record $88.7 billion investment for 2025",https://www.marketscreener.com/news/latest/China-s-State-Grid-outlays-record-88-7-billion-investment-for-2025-48764575/,marketscreener.com,Tier 3,Wire (Reuters),2025-01-15,China,Grid,"State Grid record >650 bn yuan grid investment in 2025, up from 600 bn in 2024","Reuters/CCTV-sourced planned figure",high,"Announced plan not audited actual",public,yes,,
CN-033,BATCH_01_CHINA_POLICY,2026-06-24,"State Grid 15th Five-Year Plan investment plan",http://en.sasac.gov.cn/2026/01/22/c_20333.htm,en.sasac.gov.cn,Tier 1,Government SOE regulator,2026-01,China,Grid,"State Grid 4 trn yuan investment plan for 2026-2030 (~40pct increase)","Confirms 650 bn 2025 record as baseline",high,"Forward plan",public,yes,,
CN-034,BATCH_01_CHINA_POLICY,2026-06-24,"China approves mega project for greater computing power, digital future",https://en.ndrc.gov.cn/news/mediarusources/202202/t20220218_1315947.html,en.ndrc.gov.cn,Tier 1,Regulator,2022-02,China,East Data West Compute,"East Data West Compute approved: 8 national hubs, 10 data-center clusters","Foundational primary doc",high,"2022 baseline",public,yes,,
CN-035,BATCH_01_CHINA_POLICY,2026-06-24,"Energy and AI Coordination in the Eastern Data Western Computing Plan",https://jamestown.org/energy-and-ai-coordination-in-the-eastern-data-western-computing-plan/,jamestown.org,Tier 2,Think-tank,2025,US/China,East Data West Compute,"Multiagency plan (NDRC, CAC, MIIT, NEA); western nodes for non-real-time compute","Policy-structure analysis",medium,"Interpretive",public,yes,,
CN-036,BATCH_01_CHINA_POLICY,2026-06-24,"Explainer: How China is managing the rising energy demand from data centres",https://www.carbonbrief.org/explainer-how-china-is-managing-the-rising-energy-demand-from-data-centres/,carbonbrief.org,Tier 2,Specialist analysis,2025,UK/China,Data centers,"PUE target cut to 1.25 by 2025 for large data centres; demand est 150-200 TWh in 2025","Methodologically transparent",high,"Estimates vary by source",public,yes,,
CN-037,BATCH_01_CHINA_POLICY,2026-06-24,"NMPA Announcement on Optimizing Review and Approval Process for Clinical Trials of Innovative Drugs (2025 No.86)",https://english.nmpa.gov.cn/2025-10/14/c_1138494.htm,english.nmpa.gov.cn,Tier 1,Regulator,2025-10-14,China,Medtech/pharma,"30-day clinical-trial review pathway for innovative drugs","Official NMPA announcement",high,"",public,yes,,
CN-038,BATCH_01_CHINA_POLICY,2026-06-24,"China deepens comprehensive reform to strengthen drug, medical device regulation",https://english.www.gov.cn/policies/latestreleases/202501/03/content_WS6777c872c6d0868f4e8ee7cd.html,english.www.gov.cn,Tier 1,Government policy,2025-01-03,China,Medtech,"24 reform measures; 2024 approved 48 innovative drugs + 65 devices; clinical-trial approval pilot 60 to 30 days","Official policy summary",high,"",public,yes,,
CN-039,BATCH_01_CHINA_POLICY,2026-06-24,"Opinions of the General Office of the State Council on Comprehensively Deepening Reform of Drug and Medical Device Regulation (Circular 53)",http://subsites.chinadaily.com.cn/nmpa/2025-03/25/c_1080969.htm,subsites.chinadaily.com.cn,Tier 1,Government full text,2025-03-25,China,Medtech,"Full text Circular 53; market exclusivity for rare-disease/pediatric drugs; data protection; 2035 powerhouse goal","Primary text via official NMPA mirror",high,"Mirror host",public,yes,,
CN-040,BATCH_01_CHINA_POLICY,2026-06-24,"14th Five-Year Plan for Promoting the High-Quality Development of the National Standards System",https://cset.georgetown.edu/publication/14th-five-year-plan-for-promoting-the-high-quality-development-of-the-national-standards-system/,cset.georgetown.edu,Tier 2,Translation,2024,US/China,Standards,"SAC/MOST national standards plan implementing National Standardization Development Outline","Translation of standards plan",high,"",public,yes,,
CN-041,BATCH_01_CHINA_POLICY,2026-06-24,"China's Evolution in International Standardization",https://thedocs.worldbank.org/en/doc/a588e8a85c44aca841687aff78d25a54-0050062025/original/John-Jiong-Standardization-in-China.pdf,worldbank.org,Tier 2,International agency,2025,China,Standards,"China international-standards conversion rate exceeds 90pct in key sectors per SAC 2024","Independent agency analysis",medium,"Cites SAC self-report",public,yes,,
CN-042,BATCH_01_CHINA_POLICY,2026-06-24,"CNIPA January 2026 Press Conference - Utility Model Grants Down 27pct; Invention Patent Grants Down 7pct in 2025",https://natlawreview.com/article/cnipa-january-2026-press-conference-utility-model-grants-down-27-invention-patent,natlawreview.com,Tier 2,Specialist legal,2026-01,China,IP,"2025 invention-patent grants -7pct, utility-model -27.28pct; ~10pct of 2025 filings irregular","Reports CNIPA press conference",high,"Secondary on official data",public,yes,,
CN-043,BATCH_01_CHINA_POLICY,2026-06-24,"World Intellectual Property Indicators 2025: Patents highlights",https://www.wipo.int/web-publications/world-intellectual-property-indicators-2025-highlights/en/patents-highlights.html,wipo.int,Tier 1,International agency,2025,Global,IP,"China 1.8 mn patent applications in 2024 = 49.1pct of world total","Authoritative global dataset",high,"2024 data",public,yes,,
CN-044,BATCH_01_CHINA_POLICY,2026-06-24,"China Suspends Export Controls on Certain Critical Minerals and Related Items",https://www.pillsburylaw.com/en/news-and-insights/china-suspends-export-controls-certain-critical-minerals-related-items.html,pillsburylaw.com,Tier 2,Specialist legal,2025-11,China,Trade controls,"MOFCOM Oct 9 2025 Announcements 55-62; suspension Nov 7 2025 to Nov 10 2026; April 2025 controls (No.18) remain","Detailed legal chronology",high,"Fast-moving area",public,yes,,
CN-045,BATCH_01_CHINA_POLICY,2026-06-24,"China Issues Further Clarifications on Cross-Border Data Transfer Rules",https://www.arnoldporter.com/en/perspectives/advisories/2025/11/china-issues-clarifications-cross-border-data-transfer-rules,arnoldporter.com,Tier 2,Specialist legal,2025-11,China,Data/cyber,"Oct 14 2025 CAC/SAMR certification measures effective Jan 1 2026; FTZ negative lists; GB/T 46068-2025","Legal advisory on CAC/SAMR rules",high,"",public,yes,,
CN-046,BATCH_01_CHINA_POLICY,2026-06-24,"China's aim to surpass US technological power is the key to understanding the 15th Five-Year Plan",https://www.bruegel.org/newsletter/chinas-aim-surpass-us-technological-power-key-understanding-15th-five-year-plan,bruegel.org,Tier 2,Think-tank,2026-03-13,EU/China,15FYP/semiconductors,"Plan embeds tech self-reliance; semiconductors designated pillar industry; AI as vertically integrated state project","Direct 15FYP tech interpretation",high,"Analysts' characterization of plan text",public,yes,,
CN-047,BATCH_01_CHINA_POLICY,2026-06-24,"China's Localization Drive in Semiconductors Gains Impetus from Allied Chip Export Controls",https://www.csis.org/analysis/chinas-localization-drive-semiconductors-gains-impetus-allied-chip-export-controls,csis.org,Tier 2,Think-tank,2026,US/China,Semiconductors,"Domestic equipment share surged from 25pct to 35pct between 2024-2025 exceeding 30pct MIC2025 target; Chinese capacity ~half of global","Quantitative semiconductor analysis (verbatim)",high,"Think-tank estimates",public,yes,,
CN-048,BATCH_01_CHINA_POLICY,2026-06-24,"China's IT Ministry Publishes List of 45 Advanced Manufacturing Industry Hubs",https://www.yicaiglobal.com/news/china-it-ministry-publishes-list-of-45-advanced-manufacturing-industry-hubs,yicaiglobal.com,Tier 3,Journalism,2024,China,Advanced manufacturing,"MIIT named 45 advanced-manufacturing clusters; new-gen IT and high-end equipment 13 each; 30 of 45 in eastern China","Reports MIIT list",medium,"",public,yes,,
CN-049,BATCH_01_CHINA_POLICY,2026-06-24,"China home to over 7,000 advanced smart factories",https://english.www.gov.cn/archive/statistics/202511/27/content_WS692849d5c6d00ca5f9a07d2b.html,english.www.gov.cn,Tier 1,Government/MIIT,2025-11-27,China,Advanced manufacturing,">7000 smart factories; >500 excellence-level; intelligent-mfg industrial scale >4.5 trn yuan","MIIT vice-minister Xin Guobin remarks",high,"",public,yes,,
CN-050,BATCH_01_CHINA_POLICY,2026-06-24,"MIIT unveils 2026 policy agenda, fostering ICs, aerospace and low-altitude economy as emerging pillars",https://www.globaltimes.cn/page/202512/1351575.shtml,globaltimes.cn,Tier 3,State media,2025-12,China,Industrial policy,"ICs, new displays, new materials, aerospace, low-altitude, biopharma named emerging pillars; core AI industry exceeded 1 trn yuan","Reports MIIT 2026 work conference",medium,"State media",public,yes,,
US-001,BATCH_02_US_POLICY_EXPORT,2026-06-24,Commerce Implements New Export Controls on Advanced Computing and SME,https://www.bis.gov/press-release/commerce-implements-new-export-controls-advanced-computing-semiconductor-manufacturing-items-peoples,bis.gov,Tier 1,Government press release,2022-10-07,US/China,Export controls,Foundational Oct 7 2022 advanced-computing/SME regime,Adds advanced chips to CCL; supercomputer/semiconductor end-use license rules; presumption of denial for PRC fabs; phased effective dates Oct 7/12/21 2022.,high,Foundational; since amended,public,yes,,Anchor doc
US-002,BATCH_02_US_POLICY_EXPORT,2026-06-24,Commerce Strengthens Export Controls to Restrict China's Capability,https://www.bis.gov/press-release/commerce-strengthens-export-controls-restrict-chinas-capability-produce-advanced-semiconductors-military,bis.gov,Tier 1,Government press release,2024-12-02,US/China,Export controls,Dec 2024 package: 24 SME types HBM 140 EL additions,New controls on 24 SME types + 3 software tools; HBM controls; FN5/SME FDP; 140 EL additions + 14 mods.,high,Agency framing,public,yes,,
US-003,BATCH_02_US_POLICY_EXPORT,2026-06-24,Federal Register: FDPR Additions and Refinements Advanced Computing and SME,https://www.federalregister.gov/documents/2024/12/05/2024-28270/foreign-produced-direct-product-rule-additions-and-refinements-to-controls-for-advanced-computing,federalregister.gov,Tier 1,Federal rule,2024-12-05,US/China,Export controls,Legal text of Dec 2024 IFR,New ECCNs 3B/3D/3E 99x; FN5/SME FDP rules; License Exception RFF 45-day notification; effective Dec 2 2024.,high,Dense legal text,public,yes,,
US-004,BATCH_02_US_POLICY_EXPORT,2026-06-24,Commerce Strengthens Restrictions Enhance Foundry Due Diligence,https://www.bis.gov/press-release/commerce-strengthens-restrictions-advanced-computing-semiconductors-enhance-foundry-due-diligence-prevent,bis.gov,Tier 1,Government press release,2025-01,US/China,Export controls,Jan 2025 foundry due diligence + 16 EL additions,Approved IC designer/OSAT lists; DRAM advanced-node technical corrections; adds 16 entities incl Sophgo.,high,Partly overtaken by 2025 events,public,yes,,
US-005,BATCH_02_US_POLICY_EXPORT,2026-06-24,Rescission of Biden-Era AI Diffusion Rule,https://www.bis.gov/press-release/department-commerce-announces-rescission-biden-era-artificial-intelligence-diffusion-rule-strengthens,bis.gov,Tier 1,Government press release,2025-05,US/Global,AI/export policy,AI Diffusion Rule rescinded before May 15 2025 compliance,BIS not to enforce; Huawei Ascend guidance; guidance on US chips training Chinese models.,high,Replacement rule pending,public,yes,,Key recency shift
US-006,BATCH_02_US_POLICY_EXPORT,2026-06-24,Industry Guidance to Prevent Diversion of Advanced Computing ICs,https://www.bis.gov/media/documents/ai-counter-diversion-industry-guidance-may-13-2025.pdf,bis.gov,Tier 1,Government guidance,2025-05-13,US/Global,Export controls,Counter-diversion red flags for data centers/IaaS,License triggers under part 744; data-center power/cooling affirmation; no self-blinding.,high,Guidance not binding rule,public,yes,,
US-007,BATCH_02_US_POLICY_EXPORT,2026-06-24,Revised Semiconductor License Review Policy for China,https://www.bis.gov/press-release/department-commerce-revises-license-review-policy-semiconductors-exported-china,bis.gov,Tier 1,Government press release,2025-12,US/China,Export controls,H200/MI325X case-by-case licensing to China,Follows Trump Dec 8 2025 announcement; requires US third-party testing and purchaser compliance; no global supply reduction.,high,Very  recent; see US-008,public,yes,,Major reversal
US-008,BATCH_02_US_POLICY_EXPORT,2026-06-24,CRS: U.S. Export Controls and China: Advanced Semiconductors,https://www.congress.gov/crs-product/R48642,congress.gov,Tier 2,CRS report,2025,US/China,Export controls,Synthesis of control evolution + congressional options,Documents FDPR expansion; AMEC VEU until Dec 2024; H20/MI308 approvals; Huawei-tied fabs not listed; recommends codifying BIS rules.,high,Analytical,public,yes,,
US-009,BATCH_02_US_POLICY_EXPORT,2026-06-24,BIS Updated Public Information Page on Export Controls,https://www.bis.gov/press-release/bis-updated-public-information-page-export-controls-imposed-advanced-computing-semiconductor,bis.gov,Tier 1,Government explainer,2023-10-17,US/China,Export controls,Oct 17 2023 updates detail,Removes interconnect bandwidth; adds performance-density threshold; License Exception NAC; SME licensing to 21 arms-embargoed countries.,high,Aggregated page,public,yes,,
US-010,BATCH_02_US_POLICY_EXPORT,2026-06-24,National Semiconductor Technology Center,https://www.nist.gov/chips/research-development-programs/national-semiconductor-technology-center,nist.gov,Tier 1,Government program page,2025,US,CHIPS/NSTC,NSTC mission and mechanisms,BAA funding mechanism; investment fund for commercialization; Commerce/DoD/DOE/NSF consortium.,high,Living page,public,yes,,
US-011,BATCH_02_US_POLICY_EXPORT,2026-06-24,Commerce Finalizes Long-Term Partnership with Natcast to Operate NSTC,https://www.commerce.gov/news/press-releases/2025/01/department-commerce-finalizes-long-term-partnership-natcast-operate,commerce.gov,Tier 1,Government press release,2025-01,US,CHIPS/NSTC,Up to $6.3B 10-year Natcast NSTC award,Funds R&D workforce investment fund Design Enablement Gateway; follows >$5B intent; NSTC Strategic Plan Oct 2024.,high,Later voided,public,yes,,See US-012
US-012,BATCH_02_US_POLICY_EXPORT,2026-06-24,Commerce Takes Action Against Unlawfully Established Operator Natcast,https://www.commerce.gov/news/press-releases/2025/08/department-commerce-takes-action-against-biden-administrations,commerce.gov,Tier 1,Government press release,2025-08-25,US,CHIPS/NSTC,Up to $7.4B Natcast award voided NIST assumes NSTC,Lutnick voided Jan 16 2025 agreement calling Natcast a slush fund; cites Government Corporation Control Act violation; NIST assumes operations immediately.,high,Politically charged issuer claim,public,yes,,
US-013,BATCH_02_US_POLICY_EXPORT,2026-06-24,Trump Administration Overhauls CHIPS R&D Plans,https://www.aip.org/fyi/trump-administration-overhauls-chips-r-d-plans,aip.org,Tier 3,Journalism,2025,US,CHIPS/NSTC,Triangulates Natcast clawback and facility cancellations,Canceled up-to-$825M Albany EUV Accelerator plus California Design/Collaboration and Arizona Advanced Packaging Piloting facilities; oversight staff departed Commerce 2025.,medium,Anonymous sources; triangulation only,public,yes,,
US-014,BATCH_02_US_POLICY_EXPORT,2026-06-24,Outbound Investment Security Program,https://home.treasury.gov/policy-issues/international/outbound-investment-program,treasury.gov,Tier 1,Government program page,2025,US/China,Outbound investment,Outbound regime scope,EO 14105 Aug 9 2023; final rule Oct 28 2024 effective Jan 2 2025; semis/quantum/AI; China/HK/Macau.,high,Under Trump review,public,yes,,
US-015,BATCH_02_US_POLICY_EXPORT,2026-06-24,Davis Polk: Final Outbound Investment Rule Released,https://www.davispolk.com/insights/client-update/final-outbound-investment-rule-released,davispolk.com,Tier 3,Legal advisory,2024,US/China,Outbound investment,Prohibited vs notifiable transaction detail,Covered foreign person definitions; AI training compute threshold; quantum subcategories.,high,Law-firm advisory (approved Tier 3),public,yes,,
US-016,BATCH_02_US_POLICY_EXPORT,2026-06-24,AI Risk Management Framework,https://www.nist.gov/itl/ai-risk-management-framework,nist.gov,Tier 1,Government framework,2023-01-26,US,AI standards,AI RMF 1.0 voluntary framework,Govern/Map/Measure/Manage functions for AI risk.,high,Voluntary; being revised,public,yes,,
US-017,BATCH_02_US_POLICY_EXPORT,2026-06-24,NISTIR 8596 Cyber AI Profile Draft,https://csrc.nist.gov/pubs/ir/8596/iprd,nist.gov,Tier 1,Draft guidance,2025-12-16,US,AI/cyber standards,AI cybersecurity profile overlay on CSF 2.0,Three focus areas Secure/Detect/Thwart; comments due Jan 30 2026; 6500+ participants; workshop Jan 14 2026.,high,Preliminary draft,public,yes,,
US-018,BATCH_02_US_POLICY_EXPORT,2026-06-24,FDA Issues Comprehensive Draft Guidance for AI-Enabled Medical Devices,https://www.fda.gov/news-events/press-announcements/fda-issues-comprehensive-draft-guidance-developers-artificial-intelligence-enabled-medical-devices,fda.gov,Tier 1,Government press release,2025-01-07,US,Medtech/FDA,First TPLC AI device guidance,FDA states it has authorized more than 1000 AI-enabled devices via established premarket pathways; comments by Apr 7 2025; complements PCCP final guidance.,high,Draft,public,yes,,
US-019,BATCH_02_US_POLICY_EXPORT,2026-06-24,Federal Register: AI-Enabled Device Software Functions Lifecycle Management,https://www.federalregister.gov/documents/2025/01/07/2024-31543/artificial-intelligence-enabled-device-software-functions-lifecycle-management-and-marketing,federalregister.gov,Tier 1,Federal notice,2025-01-07,US,Medtech/FDA,Official docket FDA-2024-D-4488,TPLC design/development recommendations; comment deadline Apr 7 2025.,high,Draft guidance,public,yes,,
US-020,BATCH_02_US_POLICY_EXPORT,2026-06-24,FERC Explainer on Transmission Planning and Cost Allocation Final Rule,https://www.ferc.gov/explainer-transmission-planning-and-cost-allocation-final-rule,ferc.gov,Tier 1,Government explainer,2025,US,Energy/grid,Order 1920 + 1920-A/B,20-year long-term planning; alternative technologies; 1920-A Nov 21 2024 elevates state role;  1920-B Apr 11 2025.,high,Explainer  not legal text,public,yes,,
US-021,BATCH_02_US_POLICY_EXPORT,2026-06-24,FERC Takes on Long-Term Planning with Historic Transmission Rule,https://www.ferc.gov/news-events/news/ferc-takes-long-term-planning-historic-transmission-rule,ferc.gov,Tier 1,Government news,2024-05-13,US,Energy/grid,Order 1920 issuance,First long-term transmission planning mandate in over a decade.,high,Press framing,public,yes,,
US-022,BATCH_02_US_POLICY_EXPORT,2026-06-24,Federal Register: Building for the Future Order 1920-A,https://www.federalregister.gov/documents/2024/12/06/2024-27982/building-for-the-future-through-electric-regional-transmission-planning-and-cost-allocation,federalregister.gov,Tier 1,Federal rule,2024-12-06,US,Energy/grid,Order 1920-A legal text effective Jan 6 2025,Docket RM21-17-001; state consultation on cost allocation amendments.,high,Dense,public,yes,,
US-023,BATCH_02_US_POLICY_EXPORT,2026-06-24,CSET: U.S. Semiconductor Exports to China,https://cset.georgetown.edu/publication/u-s-semiconductor-exports-to-china-current-policies-and-trends/,cset.georgetown.edu,Tier 2,Issue brief,2024,US/China,Export controls,Typology of list-based controls,Analyzes SME controls and US-China trade impacts.,high,Some pre-2025 data,public,yes,,
US-024,BATCH_02_US_POLICY_EXPORT,2026-06-24,CSET: A Growing Yard Export Controls Ensnaring CPUs,https://cset.georgetown.edu/article/a-growing-yard-the-biden-administrations-china-export-controls-are-ensnaring-cpus/,cset.georgetown.edu,Tier 2,Analysis,2024-08,US/China,Export controls,Controls increasingly capture general-purpose CPUs,900+ AI chips analyzed; 3A991.p AT controls on CPUs; BIS yet to clarify CPU policy.,high,Pre-Dec 2024 rule,public,yes,,
US-025,BATCH_02_US_POLICY_EXPORT,2026-06-24,White House Unveils America's AI Action Plan,https://www.whitehouse.gov/releases/2025/07/white-house-unveils-americas-ai-action-plan/,whitehouse.gov,Tier 1,Government press release,2025-07-23,US,AI policy,90+ actions three pillars,Full-stack AI export packages; pursuant to EO 14179.,high,Plan not binding rule,public,yes,,
US-026,BATCH_02_US_POLICY_EXPORT,2026-06-24,America's AI Action Plan full document,https://www.whitehouse.gov/wp-content/uploads/2025/07/Americas-AI-Action-Plan.pdf,whitehouse.gov,Tier 1,Government plan,2025-07,US,AI policy,Primary document text,Open-model support; AI Workforce Research Hub under DOL; energy/permitting actions.,high,Aspirational,public,yes,,
US-027,BATCH_02_US_POLICY_EXPORT,2026-06-24,White House Ensuring a National Policy Framework for AI,https://www.whitehouse.gov/presidential-actions/2025/12/eliminating-state-law-obstruction-of-national-artificial-intelligence-policy/,whitehouse.gov,Tier 1,Presidential action,2025-12,US,AI policy,EO targeting state AI law patchwork,AI Litigation Task Force; BEAD funding leverage; FTC/FCC directives.,high,Subject to litigation,public,yes,,
US-028,BATCH_02_US_POLICY_EXPORT,2026-06-24,USTR Section 301 China Semiconductor Dominance,https://ustr.gov/trade-topics/enforcement/section-301-investigations/section-301-chinas-targeting-semiconductor-industry-dominance,ustr.gov,Tier 1,Government investigation page,2025,US/China,Trade/Section 301,Section 301 legacy-chip investigation,Initiated Dec 23 2024; hearing Mar 11 2025; foundational chips in downstream products.,high,Page,public,yes,,
US-029,BATCH_02_US_POLICY_EXPORT,2026-06-24,Federal Register: Notice of Action China Semiconductor Dominance,https://www.federalregister.gov/documents/2025/12/29/2025-23912/notice-of-action-chinas-acts-policies-and-practices-related-to-targeting-of-the-semiconductor,federalregister.gov,Tier 1,Federal notice,2025-12-29,US/China,Trade/Section 301,Section 301 phased tariff action,Initial 0% rising in 18 months Jun 23 2027; additional to 50% tariff; 100+ Chinese industrial plans cited.,high,Future rate TBD,public,yes,,
US-030,BATCH_02_US_POLICY_EXPORT,2026-06-24,ARPA-E eXCHANGE Funding Opportunities GRADIENTS,https://arpa-e-foa.energy.gov/,energy.gov,Tier 1,Government FOA,2025,US,Energy funding,GRADIENTS grid program,Damping/inertia for renewables; concept papers Feb 13 2025; full apps Mar 4 2025; SBIR/STTR track.,high,Portal page,public,yes,,
US-031,BATCH_02_US_POLICY_EXPORT,2026-06-24,ARPA-E FY2023 Annual Report to Congress,https://arpa-e.energy.gov/sites/default/files/2025-09/ARPA-E%20FY%202023%20Annual%20Report.pdf,energy.gov,Tier 1,Government report,2025-08,US,Energy funding,ARPA-E FY2023 funding scale,13 FY2023 funding opportunities up to $363M.,high,FY2023 data,public,yes,,
US-032,BATCH_02_US_POLICY_EXPORT,2026-06-24,CRS: Small Business Research Programs Overview and Issues for Reauthorization,https://www.congress.gov/crs-product/IF12874,congress.gov,Tier 2,CRS report,2025,US,SBIR/STTR,SBIR/STTR expired Sep 30 2025,FY2022 $4.4B SBIR + $662.3M STTR; set-asides 3.2%/0.45%; due-diligence requirement.,high,Pre-reauthorization,public,yes,,
US-033,BATCH_02_US_POLICY_EXPORT,2026-06-24,NIH NOT-OD-26-006 Early Expiration of NIH SBIR/STTR NOFOs,https://grants.nih.gov/grants/guide/notice-files/NOT-OD-26-006.html,nih.gov,Tier 1,Government notice,2025,US,SBIR/STTR,NIH SBIR/STTR NOFOs expired Oct 1 2025,All listed NOFOs expired effective immediately.,high,Agency-specific,public,yes,,
US-034,BATCH_02_US_POLICY_EXPORT,2026-06-24,CSIS: SBIR and STTR Reauthorization and Future of Small Business Innovation,https://www.csis.org/analysis/sbir-and-sttr-reauthorization-and-future-small-business-innovation,csis.org,Tier 2,Analysis,2026,US,SBIR/STTR,Reauthorized through FY2031,Senate passed S.3971 Mar 3 2026; House 345-41 Mar 17 2026; ~$6B; maintains 3.2%/0.45% set-asides; drops $75M lifetime cap; strategic breakthrough awards up to $30M; Ernst-Markey.,high,Analysis,public,yes,,
US-035,BATCH_02_US_POLICY_EXPORT,2026-06-24,GAO-26-107882 Semiconductors Projects Funded to Strengthen Supply Chain,https://www.gao.gov/products/gao-26-107882,gao.gov,Tier 1,Government report,2025-12,US,CHIPS,CHIPS incentive status,19 companies 40 projects $30.9B direct + $5.5B loans; 24/161 milestones complete; Arizona fab complete Jun 2025; ~40% leading-edge logic; $6B disbursed.,high,First in series,public,yes,,
US-036,BATCH_02_US_POLICY_EXPORT,2026-06-24,Commerce OIG CHIPS Act Programs Status Report,https://www.oig.doc.gov/wp-content/OIGPublications/OIG-25-021-I.pdf,doc.gov,Tier 1,Government oversight,2025-06-02,US,CHIPS,CHIPS office implementation status,~$33.7B awarded as of Jan 31 2025; Intel Secure Enclave up to $3B; US Investment Accelerator Mar 31 2025.,high,Through Jan 31 2025,public,yes,,
US-037,BATCH_02_US_POLICY_EXPORT,2026-06-24,CRS FAQ CHIPS Act of 2022 Provisions and Implementation,https://www.congress.gov/crs-product/R47523,congress.gov,Tier 2,CRS report,2025,US,CHIPS,CHIPS appropriations breakdown,$39B incentives; $200M NSF workforce fund FY2023-27; GAO biennial review mandate.,high,Foundational,public,yes,,
US-038,BATCH_02_US_POLICY_EXPORT,2026-06-24,CSIS: Understanding the Biden Administration's Updated Export Controls,https://www.csis.org/analysis/understanding-biden-administrations-updated-export-controls,csis.org,Tier 2,Analysis,2024-12,US/China,Export controls,Expert analysis of Dec 2024 package,HBM affixed-to-logic control detail; Nvidia H20 HBM3 context.,high,Analytical,public,yes,,
US-039,BATCH_02_US_POLICY_EXPORT,2026-06-24,CSIS: DeepSeek Huawei Export Controls and Future of US-China AI Race,https://www.csis.org/analysis/deepseek-huawei-export-controls-and-future-us-china-ai-race,csis.org,Tier 2,Analysis,2025,US/China,Export controls/AI,DeepSeek R1 + Huawei chip stockpile analysis,Nvidia ~1M H20 to China in 2024; $17B China revenue per SEC filing.,high,Fast-moving,public,yes,,
US-040,BATCH_02_US_POLICY_EXPORT,2026-06-24,NIH OSP US Government Policy for Oversight of DURC and PEPP,https://osp.od.nih.gov/us-government-releases-policy-for-oversight-of-dual-use-research-of-concern-and-pathogens-with-enhanced-pandemic-potential/,nih.gov,Tier 1,Government policy,2024-05-06,US,Biosecurity,2024 DURC/PEPP framework,Unified DURC + PEPP oversight; effective May 6 2025.,high,Superseded by EO 14292,public,yes,,
US-041,BATCH_02_US_POLICY_EXPORT,2026-06-24,NIH OSP Biosafety and Biosecurity Policy EO 14292,https://osp.od.nih.gov/policies/biosafety-and-biosecurity-policy/,nih.gov,Tier 1,Government policy,2025-05,US,Biosecurity,EO 14292 halts dangerous gain-of-function research,Rescinds 2024 DURC/PEPP; OSTP replacement within 120 days; NIH NOT-OD-25-112 stops accepting DGOF applications.,high,Replacement pending,public,yes,,
US-042,BATCH_02_US_POLICY_EXPORT,2026-06-24,CRS Oversight of Laboratory Biosafety and Biosecurity,https://www.congress.gov/crs-product/R48155,congress.gov,Tier 2,CRS report,2025,US,Biosecurity,Biosafety oversight options for Congress,IBC structure; risk-group classification; Risky Research Review Act S.854/H.R.1864.,high,Analytical,public,yes,,
US-043,BATCH_02_US_POLICY_EXPORT,2026-06-24,DIU Commercial Solutions Opening,https://sam.gov/opp/e00f6563e0c84a04adc0a36215663e15/view,sam.gov,Tier 1,Government solicitation,2025,US,Procurement,DIU CSO procurement mechanism,OT authority 10 USC 4022; 60-90 day awards; Success Memo reuse; 100+ first-time vendors.,high,Procurement vehicle,public,yes,,
US-044,BATCH_02_US_POLICY_EXPORT,2026-06-24,EIA forecasts strongest four-year growth in US electricity demand since 2000,https://www.eia.gov/pressroom/releases/press582.php,eia.gov,Tier 1,Government statistical release,2026-01-13,US,Energy/data centers,Data-center-driven demand growth,Jan 2026 STEO: strongest four-year US electricity-demand growth since 2000; record demand in 2025 and 2026; growth ~1% 2026 and 3% 2027; data centers main driver.,high,Forecast/projection,public,yes,,
US-045,BATCH_02_US_POLICY_EXPORT,2026-06-24,NIST National Advanced Packaging Manufacturing Program,https://www.nist.gov/chips/research-development-programs/national-advanced-packaging-manufacturing-program,nist.gov,Tier 1,Government program page,2025,US,CHIPS/advanced packaging,~$3B NAPMP for advanced packaging,~$3B investments;  first NOFO $300M materials/substrates Feb 2024 (up to $100M each); Jan 2025 $1.4B final awards incl Absolics Applied Materials ASU + $1.1B PPF.,high,Subject to CHIPS R&D restructuring,public,yes,,


